[
  {
    "Full": "приветствие",
    "Prefix": "",
    "Root": "привет",
    "Suffix": null
  },
  {
    "Full": "здороваться",
    "Prefix": "",
    "Root": "здоров",
    "Suffix": null
  },
  {
    "Full": "красота",
    "Prefix": "",
    "Root": "крас",
    "Suffix": null
  },
  {
    "Full": "новости",
    "Prefix": "",
    "Root": "нов",
    "Suffix": null
  },
  {
    "Full": "новостной",
    "Prefix": "",
    "Root": "нов",
    "Suffix": null
  },
  {
    "Full": "красивый",
    "Prefix": "",
    "Root": "крас",
    "Suffix": null
  },
  {
    "Full": "красный",
    "Prefix": "",
    "Root": "крас",
    "Suffix": null
  },
  {
    "Full": "test",
    "Prefix": "string",
    "Root": "string",
    "Suffix": null
  },
  {
    "Full": "test",
    "Prefix": "",
    "Root": "test",
    "Suffix": null
  },
  {
    "Full": "test",
    "Prefix": "",
    "Root": "test",
    "Suffix": null
  },
  {
    "Full": "test",
    "Prefix": "",
    "Root": "test",
    "Suffix": null
  },
  {
    "Full": "test",
    "Prefix": "",
    "Root": "",
    "Suffix": null
  },
  {
    "Full": "test",
    "Prefix": "",
    "Root": "test",
    "Suffix": null
  }
]